MODEL,STARTUP,SHUTDOWN,NCOST,C2,C1,C0
2,0,0,3,0,0,0
2,0,0,3,0,0,0
2,0,0,3,0,0,0
2,0,0,3,0,0,0
2,0,0,3,0,0,0
2,0,0,3,0,0,0
2,0,0,3,0,0,0
2,0,0,3,0,0,0
2,0,0,3,0,0,0
2,0,0,3,0,0,0
2,0,0,3,0,0,0
2,0,0,3,0,0,0
2,0,0,3,0,0,0
2,0,0,3,0,0,0
2,0,0,3,0,0,0
2,0,0,3,0,0,0
2,0,0,3,0,0,0
2,0,0,3,0,0,0
2,0,0,3,0,0,0
2,0,0,3,0,0,0
2,0,0,3,0,0,0
2,0,0,3,0,0,0
2,0,0,3,0,0,0
2,0,0,3,0,0,0
2,0,0,3,0,0,0
2,0,0,3,0,0,0
2,0,0,3,0,0,0
2,0,0,3,0,0,0
2,0,0,3,0,0,0
2,0,0,3,0,0,0
2,0,0,3,0,0,0
2,0,0,3,0,0,0
2,0,0,3,0,0,0
2,0,0,3,0.001,13.233,838.72
2,0,0,3,0.001,17.183,838.72
2,0,0,3,0,0,0
2,0,0,3,0,0,0
2,0,0,3,0,0,0
2,0,0,3,0,0,0
2,0,0,3,0,0,0
2,0,0,3,0,0,0
2,0,0,3,0,0,0
2,0,0,3,0,0,0
2,0,0,3,0,0,0
2,0,0,3,0,0,0
2,0,0,3,0,0,0
2,0,0,3,0,0,0
2,0,0,3,0,0,0
2,0,0,3,0,0,0
2,0,0,3,0,0,0
2,0,0,3,0,0,0
2,0,0,3,0,0,0
2,0,0,3,0,0,0
2,0,0,3,0,0,0
2,0,0,3,0,0,0
2,0,0,3,0,0,0
2,0,0,3,0,0,0
2,0,0,3,0,0,0
2,0,0,3,0,0,0
2,0,0,3,0,0,0
2,0,0,3,0,0,0
2,0,0,3,0,0,0
2,0,0,3,0,0,0
2,0,0,3,0,0,0
2,0,0,3,0,0,0
2,0,0,3,0,0,0
2,0,0,3,0,0,0
2,0,0,3,0,0,0
2,0,0,3,0,0,0
2,0,0,3,0.001,15.617,662.55
2,0,0,3,0.001,16.261,662.55
2,0,0,3,0.001,15.711,662.55
2,0,0,3,0.001,15.154,662.55
2,0,0,3,0,0,0
2,0,0,3,0,0,0
2,0,0,3,0,0,0
2,0,0,3,0,0,0
2,0,0,3,0,0,0
2,0,0,3,0,0,0
2,0,0,3,0,0,0
2,0,0,3,0,8,1000
2,0,0,3,0,0,0
2,0,0,3,0,0,0
2,0,0,3,0,0,0
2,0,0,3,0,0,0
2,0,0,3,0,0,0
2,0,0,3,0,0,0
2,0,0,3,0,0,0
2,0,0,3,0,0,0
2,0,0,3,0,0,0
2,0,0,3,0,0,0
2,0,0,3,0,0,0
2,0,0,3,0.001,14.734,733.35
2,0,0,3,0.001,14.977,733.35
2,0,0,3,0,0,0
2,0,0,3,0,0,0
2,0,0,3,0,0,0
2,0,0,3,0,0,0
2,0,0,3,0,0,0
2,0,0,3,0,0,0
2,0,0,3,0,0,0
2,0,0,3,0,0,0
2,0,0,3,0,0,0
2,0,0,3,0,0,0
2,0,0,3,0,0,0
2,0,0,3,0,0,0
2,0,0,3,0,0,0
2,0,0,3,0.002,21.55,1403.47
2,0,0,3,0.002,20.062,1403.47
2,0,0,3,0,0,0
2,0,0,3,0,0,0
2,0,0,3,0,0,0
2,0,0,3,0,0,0
2,0,0,3,0,0,0
2,0,0,3,0,0,0
2,0,0,3,0.001,15.396,692.7
2,0,0,3,0,0,0
2,0,0,3,0,0,0
2,0,0,3,0,0,0
2,0,0,3,0,0,0
2,0,0,3,0,0,0
2,0,0,3,0,0,0
2,0,0,3,0,0,0
2,0,0,3,0,0,0
2,0,0,3,0.001,14.226,731.7
2,0,0,3,0.001,15.513,656.55
2,0,0,3,0.001,15.163,741
2,0,0,3,0.001,14.937,741
2,0,0,3,0.001,15.249,741
2,0,0,3,0.001,17.063,741
2,0,0,3,0,0,0
2,0,0,3,0,0,0
2,0,0,3,0,0,0
2,0,0,3,0,0,0
2,0,0,3,0,0,0
2,0,0,3,0,0,0
2,0,0,3,0,0,0
2,0,0,3,0,0,0
2,0,0,3,0,0,0
2,0,0,3,0,0,0
2,0,0,3,0,0,0
2,0,0,3,0,0,0
2,0,0,3,0,0,0
2,0,0,3,0,0,0
2,0,0,3,0.001,13.771,726.9
2,0,0,3,0.001,14.554,726.9
2,0,0,3,0,0,0
2,0,0,3,0,0,0
2,0,0,3,0.002,19.673,949
2,0,0,3,0.001,15.435,949
2,0,0,3,0.001,16.186,949
2,0,0,3,0,0,0
2,0,0,3,0,0,0
2,0,0,3,0,0,0
2,0,0,3,0,0,0
2,0,0,3,0,0,0
2,0,0,3,0,0,0
2,0,0,3,0,0,0
2,0,0,3,0,0,0
2,0,0,3,0,0,0
2,0,0,3,0,0,0
2,0,0,3,0,0,0
2,0,0,3,0,0,0
2,0,0,3,0,0,0
2,0,0,3,0,0,0
2,0,0,3,0,0,0
2,0,0,3,0,0,0
2,0,0,3,0,0,0
2,0,0,3,0,0,0
2,0,0,3,0,0,0
2,0,0,3,0,0,0
2,0,0,3,0,0,0
2,0,0,3,0,0,0
2,0,0,3,0,0,0
2,0,0,3,0.001,15.235,639
2,0,0,3,0,0,0
2,0,0,3,0,0,0
2,0,0,3,0,0,0
2,0,0,3,0,0,0
2,0,0,3,0,0,0
2,0,0,3,0,0,0
2,0,0,3,0,0,0
2,0,0,3,0,0,0
2,0,0,3,0.001,14.64,925
2,0,0,3,0.002,18.958,925
2,0,0,3,0.001,16.316,925
2,0,0,3,0,0,0
2,0,0,3,0,0,0
2,0,0,3,0,0,0
2,0,0,3,0,0,0
2,0,0,3,0,0,0
2,0,0,3,0,0,0
2,0,0,3,0.001,16.179,813.22
2,0,0,3,0.001,13.515,813.22
2,0,0,3,0,0,0
2,0,0,3,0,0,0
2,0,0,3,0,0,0
2,0,0,3,0,0,0
2,0,0,3,0,0,0
2,0,0,3,0,0,0
2,0,0,3,0,0,0
2,0,0,3,0,0,0
2,0,0,3,0,0,0
2,0,0,3,0,0,0
2,0,0,3,0,0,0
2,0,0,3,0,0,0
2,0,0,3,0,0,0
2,0,0,3,0,0,0
2,0,0,3,0,0,0
2,0,0,3,0.001,14.643,742.75
2,0,0,3,0.001,16.37,742.75
2,0,0,3,0.001,15.653,742.75
2,0,0,3,0,0,0
2,0,0,3,0,0,0
2,0,0,3,0,0,0
2,0,0,3,0,0,0
2,0,0,3,0,0,0
2,0,0,3,0,0,0
2,0,0,3,0,0,0
2,0,0,3,0,0,0
2,0,0,3,0,0,0
2,0,0,3,0,0,0
2,0,0,3,0,0,0
2,0,0,3,0,0,0
2,0,0,3,0,0,0
2,0,0,3,0,0,0
2,0,0,3,0.001,16.262,972
2,0,0,3,0,0,0
2,0,0,3,0,0,0
2,0,0,3,0,0,0
2,0,0,3,0,0,0
2,0,0,3,0,0,0
2,0,0,3,0,0,0
2,0,0,3,0,0,0
2,0,0,3,0,0,0
2,0,0,3,0.002,17.426,617.1
2,0,0,3,0.001,15.532,617.1
2,0,0,3,0.001,17.149,617.1
2,0,0,3,0.001,13.793,617.1
2,0,0,3,0,0,0
2,0,0,3,0,0,0
2,0,0,3,0.001,14.308,839.25
2,0,0,3,0.001,16.285,839.25
2,0,0,3,0,0,0
2,0,0,3,0,0,0
2,0,0,3,0,0,0
2,0,0,3,0,0,0
2,0,0,3,0,0,0
2,0,0,3,0,0,0
2,0,0,3,0,0,0
2,0,0,3,0,0,0
2,0,0,3,0,0,0
2,0,0,3,0,0,0
2,0,0,3,0,0,0
2,0,0,3,0,0,0
2,0,0,3,0,0,0
2,0,0,3,0.001,15.998,651.7
2,0,0,3,0.001,17.414,651.7
2,0,0,3,0.002,18.809,651.7
2,0,0,3,0.001,15.898,651.7
2,0,0,3,0.001,15.559,651.7
2,0,0,3,0.001,16.002,651.7
2,0,0,3,0,0,0
2,0,0,3,0,0,0
2,0,0,3,0,0,0
2,0,0,3,0,0,0
2,0,0,3,0,0,0
2,0,0,3,0,0,0
2,0,0,3,0,0,0
2,0,0,3,0,0,0
2,0,0,3,0,0,0
2,0,0,3,0,0,0
2,0,0,3,0,0,0
2,0,0,3,0,0,0
2,0,0,3,0,0,0
2,0,0,3,0,0,0
2,0,0,3,0,0,0
2,0,0,3,0,0,0
2,0,0,3,0,0,0
2,0,0,3,0,0,0
2,0,0,3,0,0,0
2,0,0,3,0,0,0
2,0,0,3,0,0,0
2,0,0,3,0,0,0
2,0,0,3,0,0,0
2,0,0,3,0.001,17.012,944.7
2,0,0,3,0.001,17.959,944.7
2,0,0,3,0.001,16.438,944.7
2,0,0,3,0,0,0
2,0,0,3,0,0,0
2,0,0,3,0,0,0
2,0,0,3,0,0,0
2,0,0,3,0,0,0
2,0,0,3,0,0,0
2,0,0,3,0,0,0
2,0,0,3,0,0,0
2,0,0,3,0,0,0
2,0,0,3,0.001,17.059,644.1
2,0,0,3,0.001,17.332,644.1
2,0,0,3,0.001,15.019,644.1
2,0,0,3,0.001,17.063,644.1
2,0,0,3,0,0,0
2,0,0,3,0,0,0
2,0,0,3,0,0,0
2,0,0,3,0,0,0
2,0,0,3,0,0,0
2,0,0,3,0,0,0
2,0,0,3,0.001,16.325,832.95
2,0,0,3,0.001,16.139,832.95
2,0,0,3,0.001,16.886,832.95
2,0,0,3,0.001,17.238,832.95
2,0,0,3,0,0,0
2,0,0,3,0,0,0
2,0,0,3,0,0,0
2,0,0,3,0,0,0
2,0,0,3,0,0,0
2,0,0,3,0,0,0
2,0,0,3,0,0,0
2,0,0,3,0,0,0
2,0,0,3,0,0,0
2,0,0,3,0,0,0
2,0,0,3,0,0,0
2,0,0,3,0.001,14.46,799.72
2,0,0,3,0.001,16.41,799.72
2,0,0,3,0.002,19.195,850.75
2,0,0,3,0.001,15.491,850.75
2,0,0,3,0.001,15.212,850.75
2,0,0,3,0,0,0
2,0,0,3,0,0,0
2,0,0,3,0,0,0
2,0,0,3,0,0,0
2,0,0,3,0,0,0
2,0,0,3,0,0,0
2,0,0,3,0,0,0
2,0,0,3,0,0,0
2,0,0,3,0,0,0
2,0,0,3,0,0,0
2,0,0,3,0,0,0
2,0,0,3,0,0,0
2,0,0,3,0,0,0
2,0,0,3,0,0,0
2,0,0,3,0,0,0
2,0,0,3,0,0,0
2,0,0,3,0,0,0
2,0,0,3,0,0,0
2,0,0,3,0,0,0
2,0,0,3,0,0,0
2,0,0,3,0,0,0
2,0,0,3,0,0,0
2,0,0,3,0,0,0
2,0,0,3,0,0,0
2,0,0,3,0,0,0
2,0,0,3,0,0,0
2,0,0,3,0,0,0
2,0,0,3,0,0,0
2,0,0,3,0,0,0
2,0,0,3,0,0,0
2,0,0,3,0,0,0
2,0,0,3,0,0,0
2,0,0,3,0,0,0
2,0,0,3,0,0,0
2,0,0,3,0,0,0
2,0,0,3,0,0,0
2,0,0,3,0,0,0
2,0,0,3,0,0,0
2,0,0,3,0,0,0
2,0,0,3,0,0,0
2,0,0,3,0,0,0
2,0,0,3,0,0,0
2,0,0,3,0,0,0
2,0,0,3,0,0,0
2,0,0,3,0,0,0
2,0,0,3,0,0,0
2,0,0,3,0,0,0
2,0,0,3,0,0,0
2,0,0,3,0,0,0
2,0,0,3,0,0,0
2,0,0,3,0,0,0
2,0,0,3,0,0,0
2,0,0,3,0,0,0
2,0,0,3,0.001,17.441,746.55
2,0,0,3,0.002,17.869,746.55
2,0,0,3,0.001,15.2,746.55
2,0,0,3,0.001,16.116,746.55
2,0,0,3,0.001,14.545,746.55
2,0,0,3,0.001,16.145,746.55
2,0,0,3,0.001,15.733,616.35
2,0,0,3,0.001,17.003,619.65
2,0,0,3,0.001,15.93,636.75
2,0,0,3,0,0,0
2,0,0,3,0,0,0
2,0,0,3,0,0,0
2,0,0,3,0,0,0
2,0,0,3,0,0,0
2,0,0,3,0,0,0
2,0,0,3,0,0,0
2,0,0,3,0,0,0
2,0,0,3,0,0,0
2,0,0,3,0,0,0
2,0,0,3,0,0,0
2,0,0,3,0,0,0
2,0,0,3,0,0,0
2,0,0,3,0,0,0
2,0,0,3,0,0,0
2,0,0,3,0,0,0
2,0,0,3,0,0,0
2,0,0,3,0,0,0
2,0,0,3,0,0,0
2,0,0,3,0,0,0
2,0,0,3,0,0,0
2,0,0,3,0,0,0
2,0,0,3,0,0,0
2,0,0,3,0,0,0
2,0,0,3,0.002,18.706,815.25
2,0,0,3,0.001,16.893,815.25
2,0,0,3,0,0,0
2,0,0,3,0,0,0
2,0,0,3,0,0,0
2,0,0,3,0,0,0
2,0,0,3,0,0,0
2,0,0,3,0,0,0
2,0,0,3,0,0,0
2,0,0,3,0,0,0
2,0,0,3,0.001,18.248,962.25
2,0,0,3,0.001,18.197,962.25
2,0,0,3,0.002,16.2,1359.5
2,0,0,3,0,0,0
2,0,0,3,0,0,0
2,0,0,3,0.002,17.803,715.5
2,0,0,3,0,0,0
2,0,0,3,0,0,0
2,0,0,3,0.002,18.993,956.2
2,0,0,3,0.001,17.15,956.2
2,0,0,3,0.001,18.417,956.2
2,0,0,3,0.001,16.8,642.9
2,0,0,3,0,0,0
2,0,0,3,0,0,0
2,0,0,3,0,0,0
2,0,0,3,0,0,0
2,0,0,3,0,0,0
2,0,0,3,0,0,0
2,0,0,3,0,0,0
2,0,0,3,0,0,0
2,0,0,3,0,0,0
2,0,0,3,0,0,0
2,0,0,3,0,0,0
2,0,0,3,0,0,0
2,0,0,3,0,0,0
2,0,0,3,0,0,0
2,0,0,3,0,0,0
2,0,0,3,0,0,0
2,0,0,3,0,0,0
2,0,0,3,0,0,0
2,0,0,3,0,0,0
2,0,0,3,0.002,17.692,649.5
2,0,0,3,0.002,17.79,649.5
2,0,0,3,0,0,0
2,0,0,3,0,0,0
2,0,0,3,0,0,0
2,0,0,3,0,0,0
2,0,0,3,0.001,15.813,682
2,0,0,3,0.001,14.867,682
2,0,0,3,0.001,17.343,682
2,0,0,3,0,0,0
2,0,0,3,0,0,0
2,0,0,3,0,0,0
2,0,0,3,0,0,0
2,0,0,3,0,0,0
2,0,0,3,0,0,0
2,0,0,3,0,0,0
2,0,0,3,0,0,0
2,0,0,3,0,0,0
2,0,0,3,0,0,0
2,0,0,3,0,0,0
2,0,0,3,0,0,0
2,0,0,3,0.002,18.24,653.63
2,0,0,3,0.001,17.14,681
2,0,0,3,0.002,17.609,653.63
2,0,0,3,0,0,0
2,0,0,3,0,0,0
2,0,0,3,0,0,0
2,0,0,3,0,0,0
2,0,0,3,0,0,0
2,0,0,3,0,0,0
2,0,0,3,0,0,0
2,0,0,3,0,0,0
2,0,0,3,0,0,0
2,0,0,3,0,0,0
2,0,0,3,0,0,0
2,0,0,3,0,0,0
2,0,0,3,0,0,0
2,0,0,3,0,0,0
2,0,0,3,0,0,0
2,0,0,3,0,0,0
2,0,0,3,0,0,0
2,0,0,3,0,0,0
2,0,0,3,0,0,0
2,0,0,3,0,0,0
2,0,0,3,0,0,0
2,0,0,3,0,0,0
2,0,0,3,0,0,0
2,0,0,3,0,0,0
2,0,0,3,0,0,0
2,0,0,3,0,0,0
2,0,0,3,0,0,0
2,0,0,3,0,0,0
2,0,0,3,0,0,0
2,0,0,3,0,0,0
2,0,0,3,0,0,0
2,0,0,3,0,0,0
2,0,0,3,0,0,0
2,0,0,3,0,0,0
2,0,0,3,0,0,0
2,0,0,3,0,0,0
2,0,0,3,0,0,0
2,0,0,3,0,0,0
2,0,0,3,0,0,0
2,0,0,3,0,0,0
2,0,0,3,0,0,0
2,0,0,3,0,0,0
2,0,0,3,0,0,0
2,0,0,3,0,0,0
2,0,0,3,0,0,0
2,0,0,3,0,0,0
2,0,0,3,0,0,0
2,0,0,3,0,0,0
2,0,0,3,0,0,0
2,0,0,3,0.002,20.557,918
2,0,0,3,0.001,18.053,918
2,0,0,3,0.001,16.717,918
2,0,0,3,0,0,0
2,0,0,3,0,0,0
2,0,0,3,0,0,0
2,0,0,3,0,0,0
2,0,0,3,0,0,0
2,0,0,3,0,0,0
2,0,0,3,0,0,0
2,0,0,3,0,0,0
2,0,0,3,0,0,0
2,0,0,3,0,0,0
2,0,0,3,0,0,0
2,0,0,3,0,0,0
2,0,0,3,0,0,0
2,0,0,3,0,0,0
2,0,0,3,0,0,0
2,0,0,3,0,0,0
2,0,0,3,0,0,0
2,0,0,3,0,0,0
2,0,0,3,0,0,0
2,0,0,3,0,0,0
2,0,0,3,0,0,0
2,0,0,3,0.001,16.231,674.25
2,0,0,3,0,0,0
2,0,0,3,0.001,16.959,670.5
2,0,0,3,0.001,15.5,670.95
2,0,0,3,0,0,0
2,0,0,3,0,0,0
2,0,0,3,0,0,0
2,0,0,3,0,0,0
2,0,0,3,0,0,0
2,0,0,3,0.002,18.627,865
2,0,0,3,0.002,18.817,865
2,0,0,3,0.002,18.267,865
2,0,0,3,0.001,14.371,673.5
2,0,0,3,0,0,0
2,0,0,3,0,0,0
2,0,0,3,0,0,0
2,0,0,3,0,0,0
2,0,0,3,0,0,0
2,0,0,3,0,0,0
2,0,0,3,0,0,0
2,0,0,3,0,0,0
2,0,0,3,0,0,0
2,0,0,3,0,0,0
2,0,0,3,0,0,0
2,0,0,3,0,0,0
2,0,0,3,0,0,0
2,0,0,3,0,0,0
2,0,0,3,0,0,0
2,0,0,3,0,0,0
2,0,0,3,0,0,0
2,0,0,3,0,0,0
2,0,0,3,0,0,0
2,0,0,3,0,0,0
2,0,0,3,0,0,0
2,0,0,3,0,0,0
2,0,0,3,0,0,0
2,0,0,3,0.001,16.209,636.9
2,0,0,3,0.001,17.403,636.9
2,0,0,3,0.001,16.786,654.65
2,0,0,3,0.002,18.778,654.65
2,0,0,3,0.002,20.947,654.65
2,0,0,3,0.001,16.274,636.9
2,0,0,3,0,0,0
2,0,0,3,0,0,0
2,0,0,3,0.002,20.046,666
2,0,0,3,0.002,17.756,674.7
2,0,0,3,0.002,18.402,674.7
2,0,0,3,0.002,18.89,674.7
2,0,0,3,0,0,0
2,0,0,3,0,0,0
2,0,0,3,0,0,0
2,0,0,3,0,0,0
2,0,0,3,0,0,0
2,0,0,3,0,0,0
2,0,0,3,0,0,0
2,0,0,3,0,0,0
2,0,0,3,0,0,0
2,0,0,3,0.001,16.146,730.42
2,0,0,3,0.001,15.896,730.42
2,0,0,3,0,0,0
2,0,0,3,0,0,0
2,0,0,3,0,0,0
2,0,0,3,0,0,0
2,0,0,3,0,0,0
2,0,0,3,0.001,17.154,611.6
2,0,0,3,0.002,18.498,611.6
2,0,0,3,0.001,15.598,611.6
2,0,0,3,0.001,17.135,611.6
2,0,0,3,0.001,16.341,611.6
2,0,0,3,0.001,15.086,611.6
2,0,0,3,0.002,17.623,641.75
2,0,0,3,0.002,19.301,641.75
2,0,0,3,0.002,17.874,641.75
2,0,0,3,0.002,17.545,641.75
2,0,0,3,0.001,17.458,641.75
2,0,0,3,0.002,18.266,641.75
2,0,0,3,0,0,0
2,0,0,3,0,0,0
2,0,0,3,0,0,0
2,0,0,3,0,0,0
2,0,0,3,0,0,0
2,0,0,3,0,0,0
2,0,0,3,0,0,0
2,0,0,3,0,0,0
2,0,0,3,0,0,0
2,0,0,3,0,0,0
2,0,0,3,0,0,0
2,0,0,3,0,0,0
2,0,0,3,0.001,15.678,910.5
2,0,0,3,0.001,14.354,910.5
2,0,0,3,0.002,18.801,910.5
2,0,0,3,0.002,20.151,910.5
2,0,0,3,0,0,0
2,0,0,3,0,0,0
2,0,0,3,0,0,0
2,0,0,3,0,0,0
2,0,0,3,0.001,16.629,953.81
2,0,0,3,0.002,19.686,953.81
2,0,0,3,0.002,19.635,953.81
2,0,0,3,0.002,20.658,953.81
2,0,0,3,0,0,0
2,0,0,3,0,0,0
2,0,0,3,0,0,0
2,0,0,3,0,0,0
2,0,0,3,0,0,0
2,0,0,3,0,0,0
2,0,0,3,0.001,16.858,909.85
2,0,0,3,0.002,18.632,909.85
2,0,0,3,0.001,16.334,909.85
2,0,0,3,0.002,17.624,677
2,0,0,3,0.002,19.369,677
2,0,0,3,0.002,18.947,677
2,0,0,3,0.001,16.067,620.25
2,0,0,3,0.002,18.763,620.25
2,0,0,3,0.002,19.562,237.47
2,0,0,3,0.001,15.065,639.6
2,0,0,3,0.002,17.54,639.6
2,0,0,3,0.002,19.424,697.5
2,0,0,3,0.002,20.043,697.5
2,0,0,3,0.002,20.404,1707.52
2,0,0,3,0.001,18.655,1707.52
2,0,0,3,0.002,22.808,1707.52
2,0,0,3,0.001,18.183,939.15
2,0,0,3,0.001,17.676,939.15
2,0,0,3,0.001,17.124,939.15
2,0,0,3,0,0,0
2,0,0,3,0,0,0
2,0,0,3,0.001,17.081,670.5
2,0,0,3,0.002,17.67,670.5
2,0,0,3,0.001,16.941,670.5
2,0,0,3,0.002,20.035,674.85
2,0,0,3,0.002,17.64,674.85
2,0,0,3,0.002,17.887,674.85
2,0,0,3,0.001,17.376,674.85
2,0,0,3,0.002,18.232,237.99
2,0,0,3,0.002,14.632,237.99
2,0,0,3,0.002,22.637,237.99
2,0,0,3,0.001,17.556,690.75
2,0,0,3,0.002,19.127,670.5
2,0,0,3,0,0,0
2,0,0,3,0,0,0
2,0,0,3,0,0,0
2,0,0,3,0,0,0
2,0,0,3,0.002,19.616,917.5
2,0,0,3,0.001,16.844,917.5
2,0,0,3,0.001,16.983,917.5
2,0,0,3,0,0,0
2,0,0,3,0.001,17.506,670.5
2,0,0,3,0.001,16.29,676.5
2,0,0,3,0.002,18.674,656.75
2,0,0,3,0.002,18.487,656.75
2,0,0,3,0.002,17.769,656.75
2,0,0,3,0.002,18.136,768.05
2,0,0,3,0.001,14.819,768.05
2,0,0,3,0.002,18.445,768.05
2,0,0,3,0.002,18.449,621.38
2,0,0,3,0.002,18.976,621.38
2,0,0,3,0.001,16.919,641.1
2,0,0,3,0.002,17.84,641.1
2,0,0,3,0,0,0
2,0,0,3,0,0,0
2,0,0,3,0.001,16.698,650
2,0,0,3,0.001,16.365,650
2,0,0,3,0.002,18.675,650
2,0,0,3,0.002,16.282,236.24
2,0,0,3,0.002,16.606,236.24
2,0,0,3,0.002,20.407,236.24
2,0,0,3,0.002,19.504,236.24
2,0,0,3,0.002,17.067,236.24
2,0,0,3,0.002,14.757,236.24
2,0,0,3,0.001,17.912,971.1
2,0,0,3,0.001,16.275,927.5
2,0,0,3,0.001,18.028,927.5
2,0,0,3,0.001,18.136,927.5
2,0,0,3,0.002,19.648,691.83
2,0,0,3,0.002,20.091,691.83
2,0,0,3,0.001,14.927,691.83
2,0,0,3,0.002,20.285,691.83
2,0,0,3,0.001,16.331,691.83
2,0,0,3,0.002,19.93,624
2,0,0,3,0.002,17.661,624
2,0,0,3,0,0,0
2,0,0,3,0,0,0
2,0,0,3,0.002,19.127,667.5
2,0,0,3,0.002,17.845,667.5
2,0,0,3,0.002,17.754,667.5
2,0,0,3,0.001,15.779,693.9
2,0,0,3,0.001,17.624,693.9
2,0,0,3,0.001,16.739,645.6
2,0,0,3,0.002,19.226,627.45
2,0,0,3,0.002,17.65,627.45
2,0,0,3,0.001,15.3,627.45
2,0,0,3,0.002,17.976,648.45
2,0,0,3,0.001,16.58,648.45
2,0,0,3,0,0,0
2,0,0,3,0.002,19.443,673.5
2,0,0,3,0.001,16.72,673.5
2,0,0,3,0.002,18.11,641.1
2,0,0,3,0.002,17.674,675
2,0,0,3,0,0,0
2,0,0,3,0,0,0
2,0,0,3,0,0,0
2,0,0,3,0,0,0
2,0,0,3,0,0,0
2,0,0,3,0,0,0
2,0,0,3,0,0,0
2,0,0,3,0,0,0
2,0,0,3,0,0,0
2,0,0,3,0,0,0
2,0,0,3,0,0,0
2,0,0,3,0,0,0
2,0,0,3,0,0,0
2,0,0,3,0,0,0
2,0,0,3,0,0,0
2,0,0,3,0.002,19.955,762
2,0,0,3,0.001,16.72,762
2,0,0,3,0.001,16.337,762
2,0,0,3,0.001,17.617,762
2,0,0,3,0,0,0
2,0,0,3,0,0,0
2,0,0,3,0,0,0
2,0,0,3,0,0,0
2,0,0,3,0,0,0
2,0,0,3,0,0,0
2,0,0,3,0,0,0
2,0,0,3,0,0,0
2,0,0,3,0,0,0
2,0,0,3,0,0,0
2,0,0,3,0,0,0
2,0,0,3,0,0,0
2,0,0,3,0,0,0
2,0,0,3,0,0,0
2,0,0,3,0,0,0
2,0,0,3,0,0,0
2,0,0,3,0,0,0
2,0,0,3,0,0,0
2,0,0,3,0.001,17.399,683.81
2,0,0,3,0.002,18.692,683.81
2,0,0,3,0.002,18.361,683.81
2,0,0,3,0.002,19.691,683.81
2,0,0,3,0,0,0
2,0,0,3,0,0,0
2,0,0,3,0,0,0
2,0,0,3,0,0,0
2,0,0,3,0,0,0
2,0,0,3,0,0,0
2,0,0,3,0,0,0
2,0,0,3,0.001,16.683,657.3
2,0,0,3,0.002,18.424,641.1
2,0,0,3,0.001,16.083,641.1
2,0,0,3,0,0,0
2,0,0,3,0,0,0
2,0,0,3,0,0,0
2,0,0,3,0,0,0
2,0,0,3,0,0,0
2,0,0,3,0,0,0
2,0,0,3,0,0,0
2,0,0,3,0.001,16.177,699.9
2,0,0,3,0.002,18.784,699.9
2,0,0,3,0,0,0
2,0,0,3,0,0,0
2,0,0,3,0,0,0
2,0,0,3,0,0,0
2,0,0,3,0,0,0
2,0,0,3,0,0,0
2,0,0,3,0.002,20.561,690.75
2,0,0,3,0.002,18.949,690.75
2,0,0,3,0.002,18.961,618.75
2,0,0,3,0.002,17.999,627.15
2,0,0,3,0.001,15.624,627.15
2,0,0,3,0.002,18.798,673.5
2,0,0,3,0,0,0
2,0,0,3,0,0,0
2,0,0,3,0,0,0
2,0,0,3,0,0,0
2,0,0,3,0.002,19.608,237.9
2,0,0,3,0.002,17.739,237.9
2,0,0,3,0.001,16.31,637.35
2,0,0,3,0.001,15.408,637.35
2,0,0,3,0.002,18.081,636
2,0,0,3,0,0,0
2,0,0,3,0,0,0
2,0,0,3,0,0,0
2,0,0,3,0,0,0
2,0,0,3,0,0,0
2,0,0,3,0,0,0
2,0,0,3,0,0,0
2,0,0,3,0,0,0
2,0,0,3,0,0,0
2,0,0,3,0,0,0
2,0,0,3,0,0,0
2,0,0,3,0,0,0
2,0,0,3,0,0,0
2,0,0,3,0,0,0
2,0,0,3,0,0,0
2,0,0,3,0,0,0
2,0,0,3,0,0,0
2,0,0,3,0,0,0
2,0,0,3,0,0,0
2,0,0,3,0,0,0
2,0,0,3,0.002,21.293,3859
2,0,0,3,0.002,23.75,3859
2,0,0,3,0.002,18.92,949.5
2,0,0,3,0.002,19.112,949.5
2,0,0,3,0.002,18.553,949.5
2,0,0,3,0.002,20.676,949.5
2,0,0,3,0.001,18.158,949.5
2,0,0,3,0.001,16.814,949.5
2,0,0,3,0,0,0
2,0,0,3,0,0,0
2,0,0,3,0,0,0
2,0,0,3,0.001,16.485,674.85
2,0,0,3,0,0,0
2,0,0,3,0,0,0
2,0,0,3,0,0,0
2,0,0,3,0,0,0
2,0,0,3,0,0,0
2,0,0,3,0,0,0
2,0,0,3,0,0,0
2,0,0,3,0.001,16.726,641.3
2,0,0,3,0.001,16.694,641.3
2,0,0,3,0.002,17.71,641.3
2,0,0,3,0.002,17.796,669
2,0,0,3,0.002,19.476,670.95
2,0,0,3,0.001,15.159,690.75
2,0,0,3,0.001,16.889,690.75
2,0,0,3,0,0,0
2,0,0,3,0,0,0
2,0,0,3,0,0,0
2,0,0,3,0,0,0
2,0,0,3,0.001,17.589,674.25
2,0,0,3,0.001,16.344,657.6
2,0,0,3,0,0,0
2,0,0,3,0.001,15.963,669.15
2,0,0,3,0.001,17.187,669.15
2,0,0,3,0.001,17.16,877.5
2,0,0,3,0.001,17.605,755.85
2,0,0,3,0,0,0
2,0,0,3,0,0,0
2,0,0,3,0,0,0
2,0,0,3,0,0,0
2,0,0,3,0,0,0
2,0,0,3,0,0,0
2,0,0,3,0,0,0
2,0,0,3,0,0,0
2,0,0,3,0,0,0
2,0,0,3,0,0,0
2,0,0,3,0,0,0
2,0,0,3,0.002,17.896,750.3
2,0,0,3,0.001,15.737,750.3
2,0,0,3,0.001,17.669,750.3
2,0,0,3,0.001,17.43,690.75
2,0,0,3,0,0,0
2,0,0,3,0,0,0
2,0,0,3,0,0,0
2,0,0,3,0,0,0
2,0,0,3,0,0,0
2,0,0,3,0,0,0
2,0,0,3,0,0,0
2,0,0,3,0,0,0
2,0,0,3,0,0,0
2,0,0,3,0,0,0
2,0,0,3,0,0,0
2,0,0,3,0.001,15.859,658.35
2,0,0,3,0.001,15.784,675.6
2,0,0,3,0.001,16.458,673.65
2,0,0,3,0.002,18.63,673.65
2,0,0,3,0.001,16.124,612.6
2,0,0,3,0.001,16.488,612.6
2,0,0,3,0.001,16.197,612.6
2,0,0,3,0.002,20.106,612.6
2,0,0,3,0.002,18.616,612.6
2,0,0,3,0.002,17.556,612.6
2,0,0,3,0,0,0
2,0,0,3,0,0,0
2,0,0,3,0,0,0
2,0,0,3,0,0,0
2,0,0,3,0,0,0
2,0,0,3,0,0,0
2,0,0,3,0,0,0
2,0,0,3,0.002,18.421,612.4
2,0,0,3,0.002,17.635,612.4
2,0,0,3,0.001,14.863,612.4
2,0,0,3,0.001,16.725,612.4
2,0,0,3,0.001,16.958,612.4
2,0,0,3,0.002,18.816,612.4
2,0,0,3,0.002,19.516,704.85
2,0,0,3,0.001,17.387,704.85
2,0,0,3,0,0,0
2,0,0,3,0,0,0
2,0,0,3,0,0,0
2,0,0,3,0,0,0
2,0,0,3,0.001,14.971,944.2
2,0,0,3,0.002,19.054,944.2
2,0,0,3,0.002,21.192,944.2
2,0,0,3,0.002,17.593,611.25
2,0,0,3,0.002,21.47,3859
2,0,0,3,0.001,18.557,3859
2,0,0,3,0.002,18.766,643.5
2,0,0,3,0,0,0
2,0,0,3,0,0,0
2,0,0,3,0.002,18.94,641.85
2,0,0,3,0.001,16.99,641.85
2,0,0,3,0,0,0
2,0,0,3,0.001,17.028,651.53
2,0,0,3,0.001,15.569,651.53
2,0,0,3,0,0,0
2,0,0,3,0,0,0
2,0,0,3,0,0,0
2,0,0,3,0,0,0
2,0,0,3,0,0,0
2,0,0,3,0,0,0
2,0,0,3,0,0,0
2,0,0,3,0,0,0
2,0,0,3,0.002,19.011,686.1
2,0,0,3,0,0,0
2,0,0,3,0,0,0
2,0,0,3,0,0,0
2,0,0,3,0,0,0
2,0,0,3,0,0,0
2,0,0,3,0,0,0
2,0,0,3,0.002,20.674,701.25
2,0,0,3,0.001,17.519,701.25
2,0,0,3,0.001,17.464,701.25
2,0,0,3,0.001,16.006,701.25
2,0,0,3,0.002,17.994,701.25
2,0,0,3,0.002,19.788,701.25
2,0,0,3,0.001,16.821,618
2,0,0,3,0.002,18.913,750
2,0,0,3,0.002,18.591,750
2,0,0,3,0.002,18.084,750
2,0,0,3,0.002,18.957,750
2,0,0,3,0.001,16.565,750
2,0,0,3,0.002,18.435,687
2,0,0,3,0,0,0
2,0,0,3,0.001,15.764,712.5
2,0,0,3,0,0,0
2,0,0,3,0.002,18.315,674.7
2,0,0,3,0,0,0
2,0,0,3,0,0,0
2,0,0,3,0,0,0
2,0,0,3,0,0,0
2,0,0,3,0,0,0
2,0,0,3,0.001,15.324,833.7
2,0,0,3,0.002,19.27,833.7
2,0,0,3,0.001,17.843,833.7
2,0,0,3,0.002,19.727,833.7
2,0,0,3,0.002,19.921,833.7
2,0,0,3,0.003,24.346,237.02
2,0,0,3,0.001,17.213,634.95
2,0,0,3,0.001,16.415,634.95
2,0,0,3,0.001,14.645,615.4
2,0,0,3,0.001,14.624,615.4
2,0,0,3,0.002,18.134,615.4
2,0,0,3,0.001,17.364,636.6
2,0,0,3,0.001,15.965,636.6
2,0,0,3,0.002,18.147,690.75
2,0,0,3,0,0,0
2,0,0,3,0,0,0
2,0,0,3,0,0,0
2,0,0,3,0,0,0
2,0,0,3,0,0,0
2,0,0,3,0,0,0
2,0,0,3,0.001,17.47,801.53
2,0,0,3,0.002,19.021,801.53
2,0,0,3,0.001,15.819,801.53
2,0,0,3,0.002,18.507,801.53
2,0,0,3,0.001,16.864,653.4
2,0,0,3,0.001,16.951,674.7
2,0,0,3,0.001,16.854,623.03
2,0,0,3,0.001,16.726,623.03
2,0,0,3,0.002,18.4,610.05
2,0,0,3,0,0,0
2,0,0,3,0,0,0
2,0,0,3,0,0,0
2,0,0,3,0,0,0
2,0,0,3,0,0,0
2,0,0,3,0.001,16.852,1113
2,0,0,3,0,0,0
2,0,0,3,0,0,0
2,0,0,3,0,0,0
2,0,0,3,0.002,19.775,672.75
2,0,0,3,0,0,0
2,0,0,3,0,0,0
2,0,0,3,0,0,0
2,0,0,3,0,0,0
2,0,0,3,0,0,0
2,0,0,3,0,0,0
2,0,0,3,0,0,0
2,0,0,3,0,0,0
2,0,0,3,0,0,0
2,0,0,3,0,0,0
2,0,0,3,0,0,0
2,0,0,3,0,0,0
2,0,0,3,0,0,0
2,0,0,3,0,0,0
2,0,0,3,0,0,0
2,0,0,3,0,0,0
2,0,0,3,0,0,0
2,0,0,3,0,0,0
2,0,0,3,0,0,0
2,0,0,3,0,0,0
2,0,0,3,0,0,0
2,0,0,3,0.002,18.633,637.35
2,0,0,3,0.001,16.107,637.35
2,0,0,3,0.001,16.733,637.35
2,0,0,3,0.001,14.971,637.35
2,0,0,3,0,0,0
2,0,0,3,0,0,0
2,0,0,3,0,0,0
2,0,0,3,0,0,0
2,0,0,3,0.002,18.333,694.5
2,0,0,3,0.001,17.046,694.5
2,0,0,3,0.002,19.538,694.5
2,0,0,3,0.001,17.597,694.5
2,0,0,3,0,0,0
2,0,0,3,0,0,0
2,0,0,3,0,0,0
2,0,0,3,0,0,0
2,0,0,3,0.002,17.524,637.35
2,0,0,3,0.001,13.992,637.35
2,0,0,3,0.001,17.383,636.97
2,0,0,3,0.001,15.916,636.97
2,0,0,3,0.001,15.916,666.97
2,0,0,3,0.002,19.079,666.97
2,0,0,3,0.002,17.758,666.97
2,0,0,3,0.001,16.74,666.97
2,0,0,3,0.001,16.392,690.75
2,0,0,3,0.002,18.264,690.75
2,0,0,3,0.001,16.941,690.75
2,0,0,3,0.001,17.565,690.75
2,0,0,3,0.002,19.572,690.75
2,0,0,3,0.001,17.325,722.8
2,0,0,3,0.002,19.897,722.8
2,0,0,3,0.002,18.114,722.8
2,0,0,3,0,0,0
2,0,0,3,0,0,0
2,0,0,3,0,0,0
2,0,0,3,0,0,0
2,0,0,3,0,0,0
2,0,0,3,0,0,0
2,0,0,3,0.002,18.235,669
2,0,0,3,0.002,18.406,618
2,0,0,3,0.001,16.861,679.4
2,0,0,3,0.001,16.734,679.4
2,0,0,3,0.002,19.182,679.4
2,0,0,3,0.001,16.1,618.6
2,0,0,3,0.002,18.361,633.15
2,0,0,3,0,0,0
2,0,0,3,0.002,17.774,623.33
2,0,0,3,0.001,15.176,623.33
2,0,0,3,0.001,16.486,672.75
2,0,0,3,0.002,18.54,627
2,0,0,3,0.001,16.167,627
2,0,0,3,0,0,0
2,0,0,3,0.002,21.127,669
2,0,0,3,0.002,19.7,1093.65
2,0,0,3,0.001,17.738,1093.65
2,0,0,3,0.001,18.773,1093.65
2,0,0,3,0.002,20.064,1093.65
2,0,0,3,0.001,17.189,615.9
2,0,0,3,0.002,18.43,669
2,0,0,3,0.001,16.121,621.5
2,0,0,3,0.001,17.086,621.5
2,0,0,3,0.001,16.704,621.5
2,0,0,3,0.002,21.254,645.03
2,0,0,3,0.002,18.747,645.03
2,0,0,3,0.001,15.776,645.03
2,0,0,3,0.001,16.908,645.03
2,0,0,3,0.002,17.581,645.03
2,0,0,3,0.001,14.521,645.03
2,0,0,3,0.002,19.49,669
2,0,0,3,0.001,15.693,927
2,0,0,3,0.002,19.325,927
2,0,0,3,0.001,17.756,807
2,0,0,3,0.002,19.525,687.75
2,0,0,3,0.001,17.194,615
2,0,0,3,0.002,18.202,682.28
2,0,0,3,0.001,17.56,682.28
2,0,0,3,0,0,0
2,0,0,3,0.002,20.487,902.7
2,0,0,3,0.001,15.593,902.7
2,0,0,3,0.001,17.648,902.7
2,0,0,3,0.002,17.817,669
2,0,0,3,0.002,20.116,915
2,0,0,3,0.002,20.387,915
2,0,0,3,0.002,19.595,915
2,0,0,3,0.002,19.097,690.75
2,0,0,3,0.002,18.222,614.4
2,0,0,3,0.002,18.327,614.4
2,0,0,3,0.001,15.892,614.4
2,0,0,3,0.002,17.803,614.4
2,0,0,3,0.001,16.482,658.05
2,0,0,3,0.001,16.581,613.2
2,0,0,3,0.001,17.16,613.2
2,0,0,3,0.001,15.88,622.46
2,0,0,3,0.001,15.246,622.46
2,0,0,3,0.001,14.72,622.46
2,0,0,3,0.002,18.702,622.46
2,0,0,3,0.001,14.653,623.25
2,0,0,3,0.002,20.569,623.25
2,0,0,3,0.001,15.961,641.5
2,0,0,3,0.002,18.751,641.5
2,0,0,3,0.001,15.513,641.5
2,0,0,3,0,0,0
2,0,0,3,0,0,0
2,0,0,3,0,0,0
2,0,0,3,0,0,0
2,0,0,3,0,0,0
2,0,0,3,0,0,0
2,0,0,3,0,0,0
2,0,0,3,0,0,0
2,0,0,3,0.002,19.077,1080.5
2,0,0,3,0.001,17.962,1080.5
2,0,0,3,0.002,19.179,1080.5
2,0,0,3,0.001,18.288,1080.5
2,0,0,3,0.001,18.15,1080.5
2,0,0,3,0.002,21.527,1080.5
2,0,0,3,0.002,17.782,667.5
2,0,0,3,0.002,18.523,667.5
2,0,0,3,0.001,16.602,621.22
2,0,0,3,0.001,16.778,621.22
2,0,0,3,0.002,19.184,672.3
2,0,0,3,0,0,0
2,0,0,3,0,0,0
2,0,0,3,0,0,0
2,0,0,3,0,0,0
2,0,0,3,0,0,0
2,0,0,3,0,0,0
2,0,0,3,0.002,21.06,890.7
2,0,0,3,0.002,19.183,890.7
2,0,0,3,0,8,1000
2,0,0,3,0,8,1000
2,0,0,3,0.002,19.528,620.1
2,0,0,3,0.002,18.883,620.1
2,0,0,3,0.001,17.029,633.75
2,0,0,3,0,0,0
2,0,0,3,0,0,0
2,0,0,3,0,0,0
2,0,0,3,0,0,0
2,0,0,3,0,0,0
2,0,0,3,0,0,0
2,0,0,3,0,0,0
2,0,0,3,0,0,0
2,0,0,3,0,0,0
2,0,0,3,0.001,18.709,3859
2,0,0,3,0.002,19.156,1057.66
2,0,0,3,0.002,20.258,1050
2,0,0,3,0.001,17.233,1050
2,0,0,3,0.002,19.697,717
2,0,0,3,0.001,16.768,717
2,0,0,3,0.002,18.13,717
2,0,0,3,0.002,20.311,945
2,0,0,3,0.002,18.735,945
2,0,0,3,0.002,20.36,914.95
2,0,0,3,0.001,18.401,914.95
2,0,0,3,0.002,19.487,914.95
2,0,0,3,0.001,17.74,762.3
2,0,0,3,0.001,17.403,762.3
2,0,0,3,0.002,18.447,762.3
2,0,0,3,0.002,18.324,762.3
2,0,0,3,0.002,20.281,762.3
2,0,0,3,0.001,17.323,762.3
2,0,0,3,0.002,18.189,658.65
2,0,0,3,0.001,16.694,653.7
2,0,0,3,0.002,18.572,653.7
2,0,0,3,0.001,16.566,653.7
2,0,0,3,0,0,0
2,0,0,3,0,0,0
2,0,0,3,0,0,0
2,0,0,3,0,0,0
2,0,0,3,0,0,0
2,0,0,3,0,0,0
2,0,0,3,0,0,0
2,0,0,3,0,0,0
2,0,0,3,0,0,0
2,0,0,3,0,0,0
2,0,0,3,0,0,0
2,0,0,3,0,0,0
2,0,0,3,0,0,0
2,0,0,3,0.001,15.768,632.1
2,0,0,3,0.001,15.663,632.1
2,0,0,3,0,0,0
2,0,0,3,0.002,20.018,1011.6
2,0,0,3,0.002,19.863,1011.6
2,0,0,3,0.001,18.455,1011.6
2,0,0,3,0.002,19.012,669
2,0,0,3,0,0,0
2,0,0,3,0,0,0
2,0,0,3,0,0,0
2,0,0,3,0,0,0
2,0,0,3,0,0,0
2,0,0,3,0,0,0
2,0,0,3,0,0,0
2,0,0,3,0.002,19.044,647.1
2,0,0,3,0.002,17.636,647.1
2,0,0,3,0.001,17.198,647.1
2,0,0,3,0,0,0
2,0,0,3,0,0,0
2,0,0,3,0,0,0
2,0,0,3,0,0,0
2,0,0,3,0,0,0
2,0,0,3,0.002,21.037,686.1
2,0,0,3,0.001,16.867,645.19
2,0,0,3,0.001,15.306,645.19
2,0,0,3,0.001,16.511,645.19
2,0,0,3,0.002,17.658,645.19
2,0,0,3,0.001,15.556,661.5
2,0,0,3,0.002,17.618,661.5
2,0,0,3,0.002,18.661,661.5
2,0,0,3,0,0,0
2,0,0,3,0,0,0
2,0,0,3,0,0,0
2,0,0,3,0,0,0
2,0,0,3,0.001,17.266,688.35
2,0,0,3,0,0,0
2,0,0,3,0.002,18.829,690.75
2,0,0,3,0,0,0
2,0,0,3,0,0,0
2,0,0,3,0,0,0
2,0,0,3,0,0,0
2,0,0,3,0,0,0
2,0,0,3,0,0,0
2,0,0,3,0,0,0
2,0,0,3,0,0,0
2,0,0,3,0,0,0
2,0,0,3,0,0,0
2,0,0,3,0,0,0
2,0,0,3,0,0,0
2,0,0,3,0,0,0
2,0,0,3,0,0,0
2,0,0,3,0,0,0
2,0,0,3,0,0,0
2,0,0,3,0,0,0
2,0,0,3,0,0,0
2,0,0,3,0,0,0
2,0,0,3,0,0,0
2,0,0,3,0,0,0
2,0,0,3,0,0,0
2,0,0,3,0,0,0
2,0,0,3,0,0,0
2,0,0,3,0,0,0
2,0,0,3,0,0,0
2,0,0,3,0,0,0
2,0,0,3,0,0,0
2,0,0,3,0,0,0
2,0,0,3,0.002,18.75,800
2,0,0,3,0.002,18.752,800
2,0,0,3,0.002,21.071,800
2,0,0,3,0.002,19.02,800
2,0,0,3,0.001,17.259,800
2,0,0,3,0.002,18.069,800
2,0,0,3,0.001,15.968,610.8
2,0,0,3,0.001,16.057,679.5
2,0,0,3,0.002,19.477,679.5
2,0,0,3,0.001,17.57,859.2
2,0,0,3,0.002,18.503,859.2
2,0,0,3,0.001,17.333,859.2
2,0,0,3,0.001,17.133,859.2
2,0,0,3,0.002,18.381,859.2
2,0,0,3,0.001,15.753,859.2
2,0,0,3,0.002,17.823,638.55
2,0,0,3,0.002,18.017,638.55
2,0,0,3,0.001,18.676,1099.5
2,0,0,3,0.001,17.727,1099.5
2,0,0,3,0.002,19.349,610.95
2,0,0,3,0.001,14.765,674.7
2,0,0,3,0.001,16.211,635.25
2,0,0,3,0,0,0
2,0,0,3,0,0,0
2,0,0,3,0,0,0
2,0,0,3,0.002,18.67,673.05
2,0,0,3,0.001,17.16,688.5
2,0,0,3,0.002,18.19,688.5
2,0,0,3,0.002,17.073,236.56
2,0,0,3,0.002,18.859,236.56
2,0,0,3,0.002,17.97,236.56
2,0,0,3,0.002,22.315,236.4
2,0,0,3,0.002,19.566,236.4
2,0,0,3,0.001,17.327,630
2,0,0,3,0.001,15.679,614.25
2,0,0,3,0.001,15.16,614.25
2,0,0,3,0,0,0
2,0,0,3,0,0,0
2,0,0,3,0,0,0
2,0,0,3,0,0,0
2,0,0,3,0,0,0
2,0,0,3,0,0,0
2,0,0,3,0,0,0
2,0,0,3,0.002,19.149,690.75
2,0,0,3,0,0,0
2,0,0,3,0,0,0
2,0,0,3,0.001,16.797,613.35
2,0,0,3,0.002,17.568,637.35
2,0,0,3,0.001,16.664,637.35
2,0,0,3,0.002,18.805,616.5
2,0,0,3,0.001,15.81,616.5
2,0,0,3,0.001,15.101,616.5
2,0,0,3,0,0,0
2,0,0,3,0.002,19.548,879.5
2,0,0,3,0.001,17.76,879.5
2,0,0,3,0.002,19.365,879.5
2,0,0,3,0.001,17.171,919.5
2,0,0,3,0.001,16.195,919.5
2,0,0,3,0.002,18.503,919.5
2,0,0,3,0.002,20.742,919.5
2,0,0,3,0.002,18.786,630
2,0,0,3,0.002,19.202,627
2,0,0,3,0.002,19.359,674.85
2,0,0,3,0,0,0
2,0,0,3,0,0,0
2,0,0,3,0,0,0
2,0,0,3,0,0,0
2,0,0,3,0,0,0
2,0,0,3,0,0,0
2,0,0,3,0,0,0
2,0,0,3,0,0,0
2,0,0,3,0,0,0
2,0,0,3,0,0,0
2,0,0,3,0,0,0
2,0,0,3,0,0,0
2,0,0,3,0.002,17.553,636.75
2,0,0,3,0.002,17.53,636.75
2,0,0,3,0.001,15.986,673.8
2,0,0,3,0,0,0
2,0,0,3,0,0,0
2,0,0,3,0,0,0
2,0,0,3,0.001,16.052,895.5
2,0,0,3,0.001,16.078,895.5
2,0,0,3,0.001,16.125,895.5
2,0,0,3,0,0,0
2,0,0,3,0,0,0
2,0,0,3,0,0,0
2,0,0,3,0,0,0
2,0,0,3,0,0,0
2,0,0,3,0,0,0
2,0,0,3,0.001,17.317,673.5
2,0,0,3,0,0,0
2,0,0,3,0,0,0
2,0,0,3,0.001,16.673,619.2
2,0,0,3,0.002,19.224,619.2
2,0,0,3,0.002,19.404,630.22
2,0,0,3,0.001,17.076,630.22
2,0,0,3,0,0,0
2,0,0,3,0,0,0
2,0,0,3,0,0,0
2,0,0,3,0,0,0
2,0,0,3,0,0,0
2,0,0,3,0,0,0
2,0,0,3,0,0,0
2,0,0,3,0.002,17.856,683.01
2,0,0,3,0.001,17.363,683.01
2,0,0,3,0.001,16.887,683.01
2,0,0,3,0.002,18.498,683.01
2,0,0,3,0.001,17.591,683.01
2,0,0,3,0.002,19.503,722.4
2,0,0,3,0.002,21.078,674.85
2,0,0,3,0.001,16.365,674.85
2,0,0,3,0.001,16.532,674.85
2,0,0,3,0.001,16.535,614
2,0,0,3,0.001,14.188,627.55
2,0,0,3,0.001,14.618,627.55
2,0,0,3,0.001,17.172,627.55
2,0,0,3,0.001,16.279,614
2,0,0,3,0.001,16.19,614
2,0,0,3,0.001,16.703,651
2,0,0,3,0,0,0
2,0,0,3,0,0,0
2,0,0,3,0,0,0
2,0,0,3,0.002,19.315,616.8
2,0,0,3,0.001,14.952,616.8
2,0,0,3,0.002,18.409,616.8
2,0,0,3,0.001,17.251,616.8
2,0,0,3,0.001,16.834,674.7
2,0,0,3,0,0,0
2,0,0,3,0,0,0
2,0,0,3,0,0,0
2,0,0,3,0,0,0
2,0,0,3,0,0,0
2,0,0,3,0.002,19.487,615
2,0,0,3,0.002,17.741,615
2,0,0,3,0.001,16.668,615
2,0,0,3,0.001,16.739,615
2,0,0,3,0,0,0
2,0,0,3,0,0,0
2,0,0,3,0,0,0
2,0,0,3,0,0,0
2,0,0,3,0,0,0
2,0,0,3,0,0,0
2,0,0,3,0,0,0
2,0,0,3,0,0,0
2,0,0,3,0,0,0
2,0,0,3,0,0,0
2,0,0,3,0,0,0
2,0,0,3,0,0,0
2,0,0,3,0.001,17.455,708
2,0,0,3,0.002,19.788,708
2,0,0,3,0,0,0
2,0,0,3,0,0,0
2,0,0,3,0,0,0
2,0,0,3,0.001,16.414,674.7
2,0,0,3,0,0,0
2,0,0,3,0,0,0
2,0,0,3,0,0,0
2,0,0,3,0,0,0
2,0,0,3,0,0,0
2,0,0,3,0.001,16.9,634.65
2,0,0,3,0.001,17.113,634.65
2,0,0,3,0.002,18.068,634.65
2,0,0,3,0.002,18.322,634.65
2,0,0,3,0.002,18.382,673.5
2,0,0,3,0.001,17.497,673.5
2,0,0,3,0.001,16.659,673.5
2,0,0,3,0.002,19.465,673.5
2,0,0,3,0.001,17.279,674.85
2,0,0,3,0.001,17.389,616.8
2,0,0,3,0.001,16.18,616.8
2,0,0,3,0.001,16.866,616.8
2,0,0,3,0.001,16.574,616.8
2,0,0,3,0.002,20.449,690.75
2,0,0,3,0.002,18.335,690.75
2,0,0,3,0.002,19.509,670.5
2,0,0,3,0.001,18.111,944.25
2,0,0,3,0.002,19.91,944.25
2,0,0,3,0.002,19.607,944.25
2,0,0,3,0,0,0
2,0,0,3,0.002,18.643,894.48
2,0,0,3,0.002,19.712,894.48
2,0,0,3,0.002,19.413,894.48
2,0,0,3,0.002,19.989,894.48
2,0,0,3,0.001,15.222,894.48
2,0,0,3,0.001,16.247,627
2,0,0,3,0,0,0
2,0,0,3,0,0,0
2,0,0,3,0,0,0
2,0,0,3,0,0,0
2,0,0,3,0,0,0
2,0,0,3,0,0,0
2,0,0,3,0.002,22.373,927
2,0,0,3,0.002,19.417,927
2,0,0,3,0.001,15.817,611.16
2,0,0,3,0.002,17.426,611.16
2,0,0,3,0.001,15.309,611.16
2,0,0,3,0.001,15.235,611.16
2,0,0,3,0.002,17.699,611.16
2,0,0,3,0,0,0
2,0,0,3,0,0,0
2,0,0,3,0,0,0
2,0,0,3,0,0,0
2,0,0,3,0,0,0
2,0,0,3,0,0,0
2,0,0,3,0,0,0
2,0,0,3,0,0,0
2,0,0,3,0,0,0
2,0,0,3,0,0,0
2,0,0,3,0,0,0
2,0,0,3,0.001,15.337,674.85
2,0,0,3,0.001,17.105,674.85
2,0,0,3,0.001,17.261,666
2,0,0,3,0,0,0
2,0,0,3,0,0,0
2,0,0,3,0,0,0
2,0,0,3,0,0,0
2,0,0,3,0,0,0
2,0,0,3,0,0,0
2,0,0,3,0.002,18.252,675
2,0,0,3,0.002,18.99,675
2,0,0,3,0.001,15.667,675
2,0,0,3,0.001,17.155,675
2,0,0,3,0.002,18.747,615.75
2,0,0,3,0.001,16.879,615.75
2,0,0,3,0.001,17.671,754.8
2,0,0,3,0.002,22.218,754.8
2,0,0,3,0,0,0
2,0,0,3,0,0,0
2,0,0,3,0,0,0
2,0,0,3,0,0,0
2,0,0,3,0,0,0
2,0,0,3,0,0,0
2,0,0,3,0,0,0
2,0,0,3,0,0,0
2,0,0,3,0,0,0
2,0,0,3,0.002,22.788,629.4
2,0,0,3,0.002,21.243,629.4
2,0,0,3,0.002,18.241,629.4
2,0,0,3,0.002,19.629,629.4
2,0,0,3,0.002,19.806,629.4
2,0,0,3,0.002,20.353,629.4
2,0,0,3,0,0,0
2,0,0,3,0,0,0
2,0,0,3,0,0,0
2,0,0,3,0,0,0
2,0,0,3,0,0,0
2,0,0,3,0,0,0
2,0,0,3,0,0,0
2,0,0,3,0,0,0
2,0,0,3,0.002,23.361,879.25
2,0,0,3,0.002,20.793,879.25
2,0,0,3,0.002,20.574,879.25
2,0,0,3,0.001,17.702,739.88
2,0,0,3,0.002,20.545,739.88
2,0,0,3,0.002,20.907,960.28
2,0,0,3,0,0,0
2,0,0,3,0,0,0
2,0,0,3,0,0,0
2,0,0,3,0,0,0
2,0,0,3,0,0,0
2,0,0,3,0.002,19.094,1057.39
2,0,0,3,0.002,21.577,1057.39
2,0,0,3,0,0,0
2,0,0,3,0,0,0
2,0,0,3,0.002,19.126,663.6
2,0,0,3,0.002,20.774,663.6
2,0,0,3,0.002,20.024,663.6
2,0,0,3,0,0,0
2,0,0,3,0,0,0
2,0,0,3,0,0,0
2,0,0,3,0,0,0
2,0,0,3,0,0,0
2,0,0,3,0.002,19.57,636.11
2,0,0,3,0.002,20.837,636.11
2,0,0,3,0.002,19.499,636.11
2,0,0,3,0.002,18.626,636.11
2,0,0,3,0,0,0
2,0,0,3,0,0,0
2,0,0,3,0,0,0
2,0,0,3,0,0,0
2,0,0,3,0,0,0
2,0,0,3,0.002,21.21,868
2,0,0,3,0.002,20.27,868
2,0,0,3,0.002,22.448,868
2,0,0,3,0.002,18.718,1083.83
2,0,0,3,0.002,18.057,636.11
2,0,0,3,0.002,19.094,636.11
2,0,0,3,0.002,20.889,636.11
2,0,0,3,0.002,19.119,636.11
2,0,0,3,0,0,0
2,0,0,3,0,0,0
2,0,0,3,0,0,0
2,0,0,3,0,0,0
2,0,0,3,0,0,0
2,0,0,3,0,0,0
2,0,0,3,0,0,0
2,0,0,3,0,0,0
2,0,0,3,0,0,0
2,0,0,3,0,0,0
2,0,0,3,0,0,0
2,0,0,3,0,0,0
2,0,0,3,0.002,23.597,966.4
2,0,0,3,0.002,23.143,966.4
2,0,0,3,0.002,19.235,966.4
2,0,0,3,0.002,21.149,966.4
2,0,0,3,0.002,19.225,966.4
2,0,0,3,0.002,21.389,966.4
2,0,0,3,0.002,21.508,711
2,0,0,3,0.002,21.135,711
2,0,0,3,0.002,20.692,711
2,0,0,3,0,0,0
2,0,0,3,0,0,0
2,0,0,3,0.002,19.55,822.93
2,0,0,3,0.002,20.623,822.93
2,0,0,3,0.002,18.435,822.93
2,0,0,3,0.002,20.393,822.93
2,0,0,3,0.002,19.938,822.93
2,0,0,3,0.002,21.32,779.7
2,0,0,3,0.002,19.667,727.5
2,0,0,3,0.002,22.326,727.5
2,0,0,3,0,0,0
2,0,0,3,0,0,0
2,0,0,3,0.001,17.229,799.2
2,0,0,3,0.002,21.18,799.2
2,0,0,3,0.002,19.016,799.2
2,0,0,3,0.002,20.199,799.2
2,0,0,3,0.002,22.477,799.2
2,0,0,3,0.002,20.992,799.2
2,0,0,3,0.002,18.399,744.7
2,0,0,3,0.002,20.385,744.7
2,0,0,3,0.002,20.524,744.7
2,0,0,3,0.002,21.637,744.7
2,0,0,3,0.002,22.461,744.7
2,0,0,3,0.002,20.371,744.7
2,0,0,3,0.002,24.477,932.35
2,0,0,3,0.002,22.988,932.35
2,0,0,3,0.002,20.899,932.35
2,0,0,3,0,0,0
2,0,0,3,0,0,0
2,0,0,3,0,0,0
2,0,0,3,0,0,0
2,0,0,3,0,0,0
2,0,0,3,0.002,20.954,694.5
2,0,0,3,0.002,20.016,694.5
2,0,0,3,0.002,22.214,694.5
2,0,0,3,0.002,19.813,694.5
2,0,0,3,0.002,21.58,689.72
2,0,0,3,0.002,21.04,689.72
2,0,0,3,0.002,19.392,689.72
2,0,0,3,0.002,21.211,689.72
2,0,0,3,0.002,21.918,689.72
2,0,0,3,0.002,18.148,689.72
2,0,0,3,0,0,0
2,0,0,3,0,0,0
2,0,0,3,0,0,0
2,0,0,3,0,0,0
2,0,0,3,0.002,20.397,900.3
2,0,0,3,0.002,21.078,900.3
2,0,0,3,0.002,19.456,900.3
2,0,0,3,0,0,0
2,0,0,3,0,0,0
2,0,0,3,0,0,0
2,0,0,3,0,0,0
2,0,0,3,0,0,0
2,0,0,3,0,0,0
2,0,0,3,0,0,0
2,0,0,3,0,0,0
2,0,0,3,0,0,0
2,0,0,3,0,0,0
2,0,0,3,0.002,19.807,772.5
2,0,0,3,0.002,19.989,772.5
2,0,0,3,0.002,19.373,692.25
2,0,0,3,0.002,22.141,692.25
2,0,0,3,0.002,19.993,692.25
2,0,0,3,0,0,0
2,0,0,3,0,0,0
2,0,0,3,0,0,0
2,0,0,3,0.002,21.385,690.75
2,0,0,3,0.002,18.306,690.75
2,0,0,3,0.002,19.608,640.5
2,0,0,3,0.002,18.534,640.5
2,0,0,3,0.002,18.518,640.5
2,0,0,3,0.002,19.428,640.5
2,0,0,3,0.002,18.77,611.25
2,0,0,3,0.002,20.171,611.25
2,0,0,3,0.002,18.507,611.25
2,0,0,3,0.001,16.766,611.25
2,0,0,3,0,0,0
2,0,0,3,0,0,0
2,0,0,3,0,0,0
2,0,0,3,0,0,0
2,0,0,3,0,0,0
2,0,0,3,0,0,0
2,0,0,3,0,0,0
2,0,0,3,0.002,19.064,672.18
2,0,0,3,0.002,20.422,730.05
2,0,0,3,0.002,20.014,672.18
2,0,0,3,0.002,19.297,672.18
2,0,0,3,0.002,21.992,672.18
2,0,0,3,0.002,20.295,672.18
2,0,0,3,0.002,21.255,673.28
2,0,0,3,0.002,21.172,673.28
2,0,0,3,0.002,19.797,236.7
2,0,0,3,0,0,0
2,0,0,3,0,0,0
2,0,0,3,0,0,0
2,0,0,3,0,0,0
2,0,0,3,0,0,0
2,0,0,3,0.002,21.797,819
2,0,0,3,0.002,20.257,819
2,0,0,3,0.002,21.411,686.85
2,0,0,3,0.002,19.534,686.85
2,0,0,3,0.002,20.575,686.85
2,0,0,3,0.002,19.37,681
2,0,0,3,0.002,19.039,681
2,0,0,3,0,0,0
2,0,0,3,0,0,0
2,0,0,3,0.002,21.007,954
2,0,0,3,0.002,22.096,954
2,0,0,3,0.002,21.155,954
2,0,0,3,0.002,20.309,1243.53
2,0,0,3,0.002,20.057,1243.53
2,0,0,3,0.002,21.225,871.36
2,0,0,3,0.002,19.415,871.36
2,0,0,3,0.002,17.755,282.62
2,0,0,3,0.002,19.728,237.14
2,0,0,3,0.001,14.14,237.14
2,0,0,3,0.002,18.624,237.14
2,0,0,3,0.002,21.565,237.14
2,0,0,3,0,0,0
2,0,0,3,0,0,0
2,0,0,3,0,0,0
2,0,0,3,0,0,0
2,0,0,3,0,0,0
2,0,0,3,0,0,0
2,0,0,3,0,0,0
2,0,0,3,0,0,0
2,0,0,3,0,0,0
2,0,0,3,0.002,18.185,1440.17
2,0,0,3,0.002,15.942,1440.17
2,0,0,3,0.002,19.411,1440.17
2,0,0,3,0,0,0
2,0,0,3,0,0,0
2,0,0,3,0,0,0
2,0,0,3,0,0,0
2,0,0,3,0,0,0
2,0,0,3,0,0,0
2,0,0,3,0,0,0
2,0,0,3,0.002,21.808,875.3
2,0,0,3,0.002,21.498,875.3
2,0,0,3,0.002,22.302,875.3
2,0,0,3,0.002,22.128,875.3
2,0,0,3,0.002,20.963,875.3
2,0,0,3,0.002,19.553,875.3
2,0,0,3,0.001,16.557,679.65
2,0,0,3,0.002,20.548,679.65
2,0,0,3,0.002,17.99,640.42
2,0,0,3,0.002,20.377,640.42
2,0,0,3,0.002,17.898,640.42
2,0,0,3,0.002,21.283,640.42
2,0,0,3,0,0,0
2,0,0,3,0.002,18.166,795.2
2,0,0,3,0.002,19.141,795.2
2,0,0,3,0.002,19.731,795.2
2,0,0,3,0.002,19.771,711.45
2,0,0,3,0.002,20.724,711.45
2,0,0,3,0.002,18.152,711.45
2,0,0,3,0.002,21.41,781.5
2,0,0,3,0.002,19.778,781.5
2,0,0,3,0.002,19.574,781.5
2,0,0,3,0.002,20.561,781.5
2,0,0,3,0.002,20.658,781.5
2,0,0,3,0.002,19.445,781.5
2,0,0,3,0,0,0
2,0,0,3,0,0,0
2,0,0,3,0.002,23.653,945.8
2,0,0,3,0.002,20.363,945.8
2,0,0,3,0.002,19.407,945.8
2,0,0,3,0,8,1254
2,0,0,3,0,8,1254
2,0,0,3,0,8,1254
2,0,0,3,0,0,0
2,0,0,3,0,0,0
2,0,0,3,0.002,14.641,799.52
2,0,0,3,0.002,17.529,477.3
2,0,0,3,0.002,17.709,477.3
2,0,0,3,0.002,18.6,477.3
2,0,0,3,0.001,14.033,236.72
2,0,0,3,0.002,18.34,236.72
2,0,0,3,0.002,19.761,646.95
2,0,0,3,0.002,19.569,646.95
2,0,0,3,0.002,19.241,613.8
2,0,0,3,0.002,19.249,727.5
2,0,0,3,0.002,20.152,923.05
2,0,0,3,0.002,20.681,923.05
2,0,0,3,0.002,18.742,923.05
2,0,0,3,0.001,16.2,613.5
2,0,0,3,0,0,0
2,0,0,3,0.002,19.067,1258.85
2,0,0,3,0.003,24.696,1258.85
2,0,0,3,0.002,19.822,1258.85
2,0,0,3,0.002,16.377,1258.85
2,0,0,3,0.002,21.478,909.5
2,0,0,3,0.002,20.391,909.5
2,0,0,3,0.002,20.576,909.5
2,0,0,3,0.002,20.155,909.5
2,0,0,3,0.002,21.155,909.5
2,0,0,3,0.002,20.85,909.5
2,0,0,3,0.002,20.447,751.25
2,0,0,3,0.002,19.541,751.25
2,0,0,3,0.002,18.951,751.25
2,0,0,3,0.002,18.506,751.25
2,0,0,3,0.002,20.811,751.25
2,0,0,3,0.002,20.549,751.25
2,0,0,3,0.002,19.83,931.5
2,0,0,3,0.002,19.968,931.5
2,0,0,3,0.001,18.208,931.5
2,0,0,3,0.002,20.142,931.5
2,0,0,3,0.002,20.153,931.5
2,0,0,3,0.002,21.495,931.5
2,0,0,3,0.002,21.058,931.28
2,0,0,3,0.002,18.544,931.28
2,0,0,3,0.002,21.728,931.28
2,0,0,3,0.002,18.609,931.28
2,0,0,3,0.002,19.604,931.28
2,0,0,3,0.002,19.691,931.28
2,0,0,3,0,0,0
2,0,0,3,0,0,0
2,0,0,3,0,0,0
2,0,0,3,0,0,0
2,0,0,3,0,0,0
2,0,0,3,0,0,0
2,0,0,3,0,0,0
2,0,0,3,0,0,0
2,0,0,3,0,0,0
2,0,0,3,0.002,16.672,1054.35
2,0,0,3,0.002,17.66,1054.35
2,0,0,3,0.002,20.35,1054.35
2,0,0,3,0.002,21.131,1054.35
2,0,0,3,0.002,20.338,770.4
2,0,0,3,0.002,22.34,770.4
2,0,0,3,0.002,19.352,679.65
2,0,0,3,0.002,19.806,679.65
2,0,0,3,0,0,0
2,0,0,3,0,0,0
2,0,0,3,0,0,0
2,0,0,3,0,0,0
2,0,0,3,0,0,0
2,0,0,3,0,0,0
2,0,0,3,0,0,0
2,0,0,3,0,0,0
2,0,0,3,0.001,17.252,909.5
2,0,0,3,0.001,16.972,909.5
2,0,0,3,0.002,19.707,909.5
2,0,0,3,0.002,22.175,909.5
2,0,0,3,0.002,20.334,909.5
2,0,0,3,0.002,21.934,909.5
2,0,0,3,0,0,0
2,0,0,3,0.002,19.232,885.08
2,0,0,3,0.002,20.512,885.08
2,0,0,3,0.002,20.179,885.08
2,0,0,3,0.002,20.053,885.08
2,0,0,3,0.002,19.31,885.08
2,0,0,3,0.002,20.198,885.08
2,0,0,3,0,0,0
2,0,0,3,0,0,0
2,0,0,3,0,0,0
2,0,0,3,0,0,0
2,0,0,3,0,0,0
2,0,0,3,0,0,0
2,0,0,3,0,0,0
2,0,0,3,0,0,0
2,0,0,3,0,0,0
2,0,0,3,0.002,21.942,956.5
2,0,0,3,0.002,21.641,956.5
2,0,0,3,0.002,22.223,956.5
2,0,0,3,0,0,0
2,0,0,3,0,0,0
2,0,0,3,0.002,21.67,945.8
2,0,0,3,0.002,22.266,945.8
2,0,0,3,0.002,22.169,945.8
2,0,0,3,0,0,0
2,0,0,3,0.002,20.718,927.2
2,0,0,3,0.002,18.947,927.2
2,0,0,3,0.002,20.414,927.2
2,0,0,3,0,0,0
2,0,0,3,0,0,0
2,0,0,3,0,0,0
2,0,0,3,0.002,18.727,946.25
2,0,0,3,0.002,20.058,946.25
2,0,0,3,0.002,19.559,946.25
2,0,0,3,0.002,19.071,946.25
2,0,0,3,0.002,19.854,946.25
2,0,0,3,0.001,16.445,946.25
2,0,0,3,0.001,16.049,611.25
2,0,0,3,0.002,15.173,237.55
2,0,0,3,0.001,16.941,611.1
2,0,0,3,0.002,18.759,618.75
2,0,0,3,0.001,16.234,618.75
2,0,0,3,0.002,17.723,665.1
2,0,0,3,0.001,17.489,665.1
2,0,0,3,0.001,17.565,665.1
2,0,0,3,0.002,17.876,665.1
2,0,0,3,0.001,14.71,665.1
2,0,0,3,0,0,0
2,0,0,3,0,0,0
2,0,0,3,0.001,12.18,1287.95
2,0,0,3,0.001,13.209,1448.64
2,0,0,3,0.002,15.2,1448.64
2,0,0,3,0.002,17.19,236.19
2,0,0,3,0.002,14.87,236.19
2,0,0,3,0,0,0
2,0,0,3,0,0,0
2,0,0,3,0,0,0
2,0,0,3,0,0,0
2,0,0,3,0,0,0
2,0,0,3,0.002,17.93,1301.11
2,0,0,3,0.002,15.721,1301.11
2,0,0,3,0.002,14.687,1301.11
2,0,0,3,0.002,18.523,924.5
2,0,0,3,0.001,18.004,924.5
2,0,0,3,0.001,15.529,924.5
2,0,0,3,0,0,0
2,0,0,3,0.001,16.809,615.2
2,0,0,3,0.001,15.88,615.2
2,0,0,3,0.001,16.009,615.2
2,0,0,3,0.002,18.702,436.07
2,0,0,3,0.002,16.195,436.07
2,0,0,3,0,0,0
2,0,0,3,0.002,18.299,705
2,0,0,3,0.001,12.401,705
2,0,0,3,0,0,0
2,0,0,3,0,0,0
2,0,0,3,0.002,17.546,621
2,0,0,3,0.001,17.401,621
2,0,0,3,0.001,15.948,621
2,0,0,3,0.001,14.146,237.21
2,0,0,3,0.001,12.99,237.21
2,0,0,3,0.002,17.655,237.21
2,0,0,3,0.002,14.342,237.21
2,0,0,3,0.002,14.364,236.85
2,0,0,3,0.001,15.362,706.5
2,0,0,3,0.001,15.901,706.5
2,0,0,3,0.001,13.609,706.5
2,0,0,3,0.001,16.822,739.55
2,0,0,3,0.001,16.688,739.55
2,0,0,3,0.001,14.184,739.55
2,0,0,3,0.002,14.942,1297.56
2,0,0,3,0.002,20.801,1297.56
2,0,0,3,0.001,14.579,624
2,0,0,3,0.001,15.267,624
2,0,0,3,0.001,16.164,624
2,0,0,3,0.002,18.557,660
2,0,0,3,0.001,16.386,660
2,0,0,3,0,0,0
2,0,0,3,0,0,0
2,0,0,3,0,0,0
2,0,0,3,0.002,22.487,1269.15
2,0,0,3,0.002,22.558,1269.15
2,0,0,3,0.002,20.821,1269.15
2,0,0,3,0.002,21.215,1269.15
2,0,0,3,0,0,0
2,0,0,3,0,0,0
2,0,0,3,0,0,0
2,0,0,3,0,0,0
2,0,0,3,0,0,0
2,0,0,3,0,0,0
2,0,0,3,0,0,0
2,0,0,3,0.002,15.478,995.38
2,0,0,3,0.002,18.572,236.2
2,0,0,3,0.002,18.335,236.2
2,0,0,3,0.002,20.522,236.2
2,0,0,3,0.002,19.868,236.2
2,0,0,3,0.002,19.435,236.2
2,0,0,3,0.002,22.733,236.2
2,0,0,3,0.002,18.293,759
2,0,0,3,0.001,16.685,733.25
2,0,0,3,0.002,18.791,733.25
2,0,0,3,0.001,17.499,733.25
2,0,0,3,0.001,15.005,666
2,0,0,3,0.001,16.393,666
2,0,0,3,0.002,19.51,622.5
2,0,0,3,0.001,16.274,622.5
2,0,0,3,0.002,18.37,622.5
2,0,0,3,0.001,17.662,925
2,0,0,3,0.002,18.543,925
2,0,0,3,0.001,17.786,925
2,0,0,3,0.001,16.383,839.25
2,0,0,3,0,0,0
2,0,0,3,0,0,0
2,0,0,3,0,0,0
2,0,0,3,0,0,0
2,0,0,3,0.001,16.411,825
2,0,0,3,0.001,15.742,610.28
2,0,0,3,0.002,17.394,610.28
2,0,0,3,0,0,0
2,0,0,3,0,0,0
2,0,0,3,0.001,15.128,645.6
2,0,0,3,0.002,18.462,645.6
2,0,0,3,0.001,15.302,645.6
2,0,0,3,0.002,19.031,645.6
2,0,0,3,0.002,17.879,640.5
2,0,0,3,0.002,18.193,640.5
2,0,0,3,0.002,19.97,669.75
2,0,0,3,0.002,18.112,669.75
2,0,0,3,0.001,15.293,669.75
2,0,0,3,0.001,14.682,669.75
2,0,0,3,0.001,15.721,815.25
2,0,0,3,0.001,16.676,815.25
2,0,0,3,0.002,16.894,1447.69
2,0,0,3,0.002,21.868,1447.69
2,0,0,3,0,0,0
2,0,0,3,0,0,0
2,0,0,3,0,0,0
2,0,0,3,0.001,16.708,612.3
2,0,0,3,0.001,13.659,612.3
2,0,0,3,0.001,16.401,612.3
2,0,0,3,0.002,18.119,650.25
2,0,0,3,0.002,17.716,650.25
2,0,0,3,0.001,16.021,677
2,0,0,3,0.001,16.439,677
2,0,0,3,0.002,18.536,677
2,0,0,3,0,0,0
2,0,0,3,0,0,0
2,0,0,3,0,0,0
2,0,0,3,0.002,18.492,657
2,0,0,3,0.002,20.419,657
2,0,0,3,0.002,20.927,657
2,0,0,3,0.002,18.738,657
2,0,0,3,0.002,21.355,657
2,0,0,3,0.002,20.548,657
2,0,0,3,0,0,0
2,0,0,3,0,0,0
2,0,0,3,0,0,0
2,0,0,3,0.002,16.305,1310.82
2,0,0,3,0.001,12.665,1310.82
2,0,0,3,0.002,15.593,1310.82
2,0,0,3,0,0,0
2,0,0,3,0.002,19.572,699.22
2,0,0,3,0.002,20.205,699.22
2,0,0,3,0.002,20.218,699.22
2,0,0,3,0.002,20.49,699.22
2,0,0,3,0.002,19.131,699.22
2,0,0,3,0.001,17.369,699.22
2,0,0,3,0.001,12.394,842.58
2,0,0,3,0.002,14.736,237.58
2,0,0,3,0.002,16.523,237.73
2,0,0,3,0.002,14.594,237.73
2,0,0,3,0.002,21.165,925.46
2,0,0,3,0.002,22.976,925.46
2,0,0,3,0.002,20.889,925.46
2,0,0,3,0.002,23.103,925.46
2,0,0,3,0.002,21.14,810.45
2,0,0,3,0.002,22.221,810.45
2,0,0,3,0.002,19.254,655.5
2,0,0,3,0.002,20.74,639.9
2,0,0,3,0.002,20.332,639.9
2,0,0,3,0.002,16.684,236.58
2,0,0,3,0.002,16.357,236.58
2,0,0,3,0,0,0
2,0,0,3,0,0,0
2,0,0,3,0.002,15.455,938.52
2,0,0,3,0.001,12.925,938.52
2,0,0,3,0,0,0
2,0,0,3,0.002,20.935,898.35
2,0,0,3,0.002,21.187,898.35
2,0,0,3,0,0,0
2,0,0,3,0,0,0
2,0,0,3,0.001,9.784,1039.02
2,0,0,3,0.002,14.413,1039.02
2,0,0,3,0.001,12.228,236.31
2,0,0,3,0.001,12.434,236.31
2,0,0,3,0.001,10.255,236.31
2,0,0,3,0.002,20.412,635.7
2,0,0,3,0.002,19.697,668.35
2,0,0,3,0.002,20.486,668.35
2,0,0,3,0.002,21.766,668.35
2,0,0,3,0.002,20.225,668.35
2,0,0,3,0.002,23.74,668.35
2,0,0,3,0.002,17.826,668.35
2,0,0,3,0.001,13.02,236.76
2,0,0,3,0.001,11.46,236.76
2,0,0,3,0.002,14.48,236.76
2,0,0,3,0.002,16.377,236.76
2,0,0,3,0,0,0
2,0,0,3,0,0,0
2,0,0,3,0,0,0
2,0,0,3,0,0,0
2,0,0,3,0.001,13.473,1314.43
2,0,0,3,0.002,18.674,715.65
2,0,0,3,0.002,19.179,715.65
2,0,0,3,0,0,0
2,0,0,3,0.002,20.866,629.8
2,0,0,3,0.002,20.586,629.8
2,0,0,3,0.002,22.341,629.8
2,0,0,3,0,0,0
2,0,0,3,0,0,0
2,0,0,3,0.002,21.133,715.65
2,0,0,3,0.002,20.528,715.65
2,0,0,3,0.002,19.344,628.5
2,0,0,3,0.002,19.121,628.5
2,0,0,3,0.002,18.265,628.5
2,0,0,3,0.002,19.268,628.5
2,0,0,3,0.002,21.111,628.5
2,0,0,3,0.002,20.647,628.5
2,0,0,3,0.001,12.693,878.38
2,0,0,3,0.002,14.402,237.01
2,0,0,3,0.002,19.915,237.01
2,0,0,3,0,0,0
2,0,0,3,0,0,0
2,0,0,3,0,0,0
2,0,0,3,0,0,0
2,0,0,3,0.002,19.145,650
2,0,0,3,0.002,19.278,650
2,0,0,3,0.002,21.574,750
2,0,0,3,0.002,20.068,750
2,0,0,3,0.002,21.531,650
2,0,0,3,0.002,19.807,650
2,0,0,3,0.002,21.524,650
2,0,0,3,0.001,17.433,650
2,0,0,3,0,0,0
2,0,0,3,0,0,0
2,0,0,3,0,0,0
2,0,0,3,0,0,0
2,0,0,3,0,0,0
2,0,0,3,0,0,0
2,0,0,3,0,0,0
2,0,0,3,0,0,0
2,0,0,3,0,0,0
2,0,0,3,0,0,0
2,0,0,3,0,0,0
2,0,0,3,0,0,0
2,0,0,3,0.002,18.405,712.5
2,0,0,3,0,0,0
2,0,0,3,0,0,0
2,0,0,3,0.002,22.781,825
2,0,0,3,0.002,22.762,825
2,0,0,3,0,0,0
2,0,0,3,0,0,0
2,0,0,3,0,0,0
2,0,0,3,0.002,20.501,616.5
2,0,0,3,0.002,19.889,616.5
2,0,0,3,0.002,19.136,616.5
2,0,0,3,0.002,22.631,706.65
2,0,0,3,0.002,19.846,706.65
2,0,0,3,0,0,0
2,0,0,3,0,0,0
2,0,0,3,0.001,17.802,942.55
2,0,0,3,0.002,18.583,942.55
2,0,0,3,0.002,21.556,942.55
2,0,0,3,0.002,23.99,697
2,0,0,3,0.002,21.158,697
2,0,0,3,0.002,19.157,697
2,0,0,3,0.002,20.519,675.6
2,0,0,3,0.002,21.675,675.6
2,0,0,3,0.002,20.636,631.5
2,0,0,3,0.002,22.672,631.5
2,0,0,3,0.002,19.214,631.5
2,0,0,3,0.002,19.05,631.5
2,0,0,3,0.002,18.38,639.9
2,0,0,3,0.002,18.749,629.4
2,0,0,3,0.002,18.602,629.4
2,0,0,3,0.002,21.008,629.4
2,0,0,3,0.002,20.112,629.4
2,0,0,3,0.002,20.131,629.4
2,0,0,3,0.002,19.839,629.4
2,0,0,3,0.001,13.918,310.11
2,0,0,3,0.002,17.318,310.11
2,0,0,3,0.001,11.741,310.11
2,0,0,3,0,0,0
2,0,0,3,0,0,0
2,0,0,3,0,0,0
2,0,0,3,0,0,0
2,0,0,3,0.002,20.837,895.5
2,0,0,3,0.002,22.577,895.5
2,0,0,3,0,0,0
2,0,0,3,0.001,12.357,1276.11
2,0,0,3,0.001,13.833,1276.11
2,0,0,3,0.002,14.269,1276.11
2,0,0,3,0,0,0
2,0,0,3,0,0,0
2,0,0,3,0,0,0
2,0,0,3,0.002,23.048,870.5
2,0,0,3,0.002,19.156,870.5
2,0,0,3,0.002,21.144,870.5
2,0,0,3,0.002,16.524,1081.02
2,0,0,3,0.002,14.98,416.19
2,0,0,3,0.001,12.94,416.19
2,0,0,3,0.001,13.168,416.19
2,0,0,3,0.001,10.268,416.19
2,0,0,3,0.001,13.455,416.19
2,0,0,3,0.003,30.722,933.49
2,0,0,3,0.003,24.605,933.49
2,0,0,3,0.003,31.546,933.49
2,0,0,3,0.003,31.945,933.49
2,0,0,3,0,0,0
2,0,0,3,0.003,29.062,325.88
2,0,0,3,0,0,0
2,0,0,3,0,0,0
2,0,0,3,0.003,29.302,237.07
2,0,0,3,0.003,26.885,271.8
2,0,0,3,0,0,0
2,0,0,3,0,0,0
2,0,0,3,0,0,0
2,0,0,3,0,0,0
2,0,0,3,0.003,27.121,1280.03
2,0,0,3,0.003,26.98,1042.96
2,0,0,3,0.003,25.558,1042.96
2,0,0,3,0.003,29.015,1042.96
2,0,0,3,0,0,0
2,0,0,3,0,0,0
2,0,0,3,0,0,0
2,0,0,3,0,0,0
2,0,0,3,0,0,0
2,0,0,3,0,0,0
2,0,0,3,0.003,29.738,1239.22
2,0,0,3,0.002,23.567,650
2,0,0,3,0.002,25.785,650
2,0,0,3,0.002,23.682,660
2,0,0,3,0.002,25.808,650
2,0,0,3,0,0,0
2,0,0,3,0.003,32.222,236.18
2,0,0,3,0.003,23.939,236.18
2,0,0,3,0.003,27.502,236.18
2,0,0,3,0.003,29.56,236.18
2,0,0,3,0.003,28.837,236.18
2,0,0,3,0.003,31.068,236.18
2,0,0,3,0.003,30.011,236.4
2,0,0,3,0.003,29.888,236.4
2,0,0,3,0,0,0
2,0,0,3,0,0,0
2,0,0,3,0.003,30.401,1343.59
2,0,0,3,0.003,30.134,1343.59
2,0,0,3,0.003,28.333,1343.59
2,0,0,3,0.003,24.12,1343.59
2,0,0,3,0,0,0
2,0,0,3,0,0,0
2,0,0,3,0,0,0
2,0,0,3,0,0,0
2,0,0,3,0,0,0
2,0,0,3,0,0,0
2,0,0,3,0,0,0
2,0,0,3,0,0,0
2,0,0,3,0.002,23.523,611.25
2,0,0,3,0.002,22.892,660
2,0,0,3,0.002,27.431,611.25
2,0,0,3,0.002,23.176,611.25
2,0,0,3,0.002,25.221,611.25
2,0,0,3,0.002,25.249,611.25
2,0,0,3,0.002,24.081,611.25
2,0,0,3,0.002,25.652,611.25
2,0,0,3,0.002,26.37,611.25
2,0,0,3,0.002,24.874,611.25
2,0,0,3,0,0,0
2,0,0,3,0.003,26.092,1323.3
2,0,0,3,0.003,27.662,1323.3
2,0,0,3,0.003,31.354,1323.3
2,0,0,3,0.003,23.904,516.51
2,0,0,3,0,0,0
2,0,0,3,0,0,0
2,0,0,3,0,0,0
2,0,0,3,0,0,0
2,0,0,3,0,0,0
2,0,0,3,0,0,0
2,0,0,3,0,0,0
2,0,0,3,0,0,0
2,0,0,3,0,0,0
2,0,0,3,0,0,0
2,0,0,3,0.003,30.649,373.2
2,0,0,3,0.002,26.074,654
2,0,0,3,0.002,27.163,654
2,0,0,3,0.002,23.785,654
2,0,0,3,0,0,0
2,0,0,3,0,0,0
2,0,0,3,0,0,0
2,0,0,3,0,0,0
2,0,0,3,0,0,0
2,0,0,3,0,0,0
2,0,0,3,0,0,0
2,0,0,3,0,0,0
2,0,0,3,0,0,0
2,0,0,3,0,0,0
2,0,0,3,0.001,16.926,859.2
2,0,0,3,0.001,14.975,615.6
2,0,0,3,0.001,14.867,615.6
2,0,0,3,0.001,16.378,826.13
2,0,0,3,0.001,14.833,826.13
2,0,0,3,0,0,0
2,0,0,3,0,0,0
2,0,0,3,0,0,0
2,0,0,3,0,0,0
2,0,0,3,0,0,0
2,0,0,3,0,0,0
2,0,0,3,0,0,0
2,0,0,3,0,0,0
2,0,0,3,0,0,0
2,0,0,3,0.001,17.735,735.45
2,0,0,3,0.001,15.416,735.45
2,0,0,3,0.001,14.179,735.45
2,0,0,3,0,0,0
2,0,0,3,0,0,0
2,0,0,3,0,0,0
2,0,0,3,0,0,0
2,0,0,3,0,0,0
2,0,0,3,0,0,0
2,0,0,3,0,0,0
2,0,0,3,0,0,0
2,0,0,3,0,0,0
2,0,0,3,0,0,0
2,0,0,3,0,0,0
2,0,0,3,0,0,0
2,0,0,3,0,0,0
2,0,0,3,0.001,13.572,724.8
2,0,0,3,0.001,17.127,724.8
2,0,0,3,0,0,0
2,0,0,3,0,0,0
2,0,0,3,0,0,0
2,0,0,3,0,0,0
2,0,0,3,0,0,0
2,0,0,3,0,0,0
2,0,0,3,0,0,0
2,0,0,3,0,0,0
2,0,0,3,0,0,0
2,0,0,3,0,0,0
2,0,0,3,0,0,0
2,0,0,3,0,0,0
2,0,0,3,0,0,0
2,0,0,3,0,0,0
2,0,0,3,0,0,0
2,0,0,3,0,0,0
2,0,0,3,0,0,0
2,0,0,3,0,0,0
2,0,0,3,0,0,0
2,0,0,3,0,0,0
2,0,0,3,0,0,0
2,0,0,3,0,0,0
2,0,0,3,0,0,0
2,0,0,3,0,0,0
2,0,0,3,0,0,0
2,0,0,3,0,0,0
2,0,0,3,0,0,0
2,0,0,3,0,0,0
2,0,0,3,0,0,0
2,0,0,3,0,0,0
2,0,0,3,0,0,0
2,0,0,3,0,0,0
2,0,0,3,0,0,0
2,0,0,3,0,0,0
2,0,0,3,0,0,0
2,0,0,3,0,0,0
2,0,0,3,0,0,0
2,0,0,3,0,0,0
2,0,0,3,0,0,0
2,0,0,3,0,0,0
2,0,0,3,0,0,0
2,0,0,3,0,0,0
2,0,0,3,0,0,0
2,0,0,3,0,0,0
2,0,0,3,0,0,0
2,0,0,3,0,0,0
2,0,0,3,0,0,0
2,0,0,3,0,0,0
2,0,0,3,0,0,0
2,0,0,3,0,0,0
2,0,0,3,0,0,0
2,0,0,3,0,0,0
2,0,0,3,0,0,0
2,0,0,3,0,0,0
2,0,0,3,0,0,0
2,0,0,3,0,0,0
2,0,0,3,0,0,0
2,0,0,3,0,0,0
2,0,0,3,0,0,0
2,0,0,3,0,0,0
2,0,0,3,0,0,0
2,0,0,3,0,0,0
2,0,0,3,0,0,0
2,0,0,3,0,0,0
2,0,0,3,0,0,0
2,0,0,3,0,0,0
2,0,0,3,0,0,0
2,0,0,3,0,0,0
2,0,0,3,0,0,0
2,0,0,3,0,0,0
2,0,0,3,0.001,15.229,838.88
2,0,0,3,0.001,16.096,838.88
2,0,0,3,0,0,0
2,0,0,3,0,0,0
2,0,0,3,0,0,0
2,0,0,3,0,0,0
2,0,0,3,0,0,0
2,0,0,3,0,0,0
2,0,0,3,0,0,0
2,0,0,3,0,0,0
2,0,0,3,0,0,0
2,0,0,3,0,0,0
2,0,0,3,0,0,0
2,0,0,3,0,0,0
2,0,0,3,0,0,0
2,0,0,3,0.001,17.375,701.55
2,0,0,3,0.001,16.265,701.55
2,0,0,3,0.002,18.941,701.55
2,0,0,3,0.002,20.091,237.23
2,0,0,3,0,0,0
2,0,0,3,0,0,0
2,0,0,3,0,0,0
2,0,0,3,0,0,0
2,0,0,3,0,0,0
2,0,0,3,0,0,0
2,0,0,3,0.002,15.374,798.35
2,0,0,3,0,0,0
2,0,0,3,0,0,0
2,0,0,3,0,0,0
2,0,0,3,0,0,0
2,0,0,3,0,0,0
2,0,0,3,0,0,0
2,0,0,3,0,0,0
2,0,0,3,0,0,0
2,0,0,3,0,0,0
2,0,0,3,0,0,0
2,0,0,3,0,0,0
2,0,0,3,0,0,0
2,0,0,3,0,0,0
2,0,0,3,0,0,0
2,0,0,3,0,0,0
2,0,0,3,0,0,0
2,0,0,3,0,0,0
2,0,0,3,0,0,0
2,0,0,3,0,0,0
2,0,0,3,0,0,0
2,0,0,3,0,0,0
2,0,0,3,0,0,0
2,0,0,3,0.002,15.82,237.81
2,0,0,3,0,0,0
2,0,0,3,0,0,0
2,0,0,3,0,0,0
2,0,0,3,0,0,0
2,0,0,3,0,0,0
2,0,0,3,0,0,0
2,0,0,3,0,0,0
2,0,0,3,0,0,0
2,0,0,3,0.002,19.356,1322.3
2,0,0,3,0.002,14.3,1322.3
2,0,0,3,0.002,16.93,1322.3
2,0,0,3,0.002,14.996,1322.3
2,0,0,3,0.002,18.269,613.72
2,0,0,3,0.001,16.565,613.72
2,0,0,3,0.001,14.507,613.72
2,0,0,3,0.002,19.084,613.72
2,0,0,3,0.002,19.066,613.72
2,0,0,3,0.001,17.157,613.72
2,0,0,3,0,0,0
2,0,0,3,0,0,0
2,0,0,3,0,0,0
2,0,0,3,0,0,0
2,0,0,3,0,0,0
2,0,0,3,0,0,0
2,0,0,3,0,0,0
2,0,0,3,0,0,0
2,0,0,3,0,0,0
2,0,0,3,0,0,0
2,0,0,3,0,0,0
2,0,0,3,0,0,0
2,0,0,3,0,0,0
2,0,0,3,0.002,15.278,513.13
2,0,0,3,0,0,0
2,0,0,3,0.002,18.65,663.9
2,0,0,3,0,0,0
2,0,0,3,0,0,0
2,0,0,3,0,0,0
2,0,0,3,0,0,0
2,0,0,3,0,0,0
2,0,0,3,0,0,0
2,0,0,3,0,0,0
2,0,0,3,0,0,0
2,0,0,3,0,0,0
2,0,0,3,0.001,16.091,720.75
2,0,0,3,0.001,15.8,757
2,0,0,3,0.002,19.152,757
2,0,0,3,0.001,17.255,757
2,0,0,3,0.002,18.032,757
2,0,0,3,0.001,17.744,757
2,0,0,3,0.001,16.16,757
2,0,0,3,0.001,17.284,742.5
2,0,0,3,0.001,17.392,742.5
2,0,0,3,0.001,15.233,742.5
2,0,0,3,0,0,0
